{
  "raw": {
    "pr_auc": 0.7487666903149041,
    "roc_auc": 0.6962264150943396,
    "f1": 0.7378190255220418,
    "precision": 0.6259842519685039,
    "recall": 0.8983050847457628,
    "brier": 0.23256345320408275,
    "logloss": 0.6723382320165523,
    "ece": 0.11962718425644078,
    "threshold": 0.22596122926252113,
    "recall_at_p>=0.50": 1.0,
    "threshold_at_p>=0.50": 0.02313207972006192
  },
  "platt": {
    "pr_auc": 0.7487666903149041,
    "roc_auc": 0.6962264150943396,
    "f1": 0.7295597484276729,
    "precision": 0.58,
    "recall": 0.9830508474576272,
    "brier": 0.23519990256596693,
    "logloss": 0.6832207232623553,
    "ece": 0.1407427074354648,
    "threshold": 0.22596122926252113,
    "recall_at_p>=0.50": 1.0,
    "threshold_at_p>=0.50": 0.10232208102321128
  },
  "thresholds": {
    "t_f1": 0.22596122926252113,
    "t_at_precision": 0.015172648878704792,
    "precision_target": 0.5
  },
  "valid_pr_auc_for_bestC": 0.88751925934122,
  "chosen_C": 10.0
}