{
  "raw": {
    "pr_auc": 0.6864379342654539,
    "roc_auc": 0.8222447943118334,
    "f1": 0.636144578313253,
    "precision": 0.559322033898305,
    "recall": 0.7374301675977654,
    "brier": 0.15006473674630266,
    "logloss": 0.485935150888536,
    "ece": 0.07606056814649184,
    "threshold": 0.2600458860397339,
    "recall_at_p>=0.50": 0.8156424581005587,
    "threshold_at_p>=0.50": 0.17915409803390503
  },
  "platt": {
    "pr_auc": 0.6864379342654539,
    "roc_auc": 0.8222447943118334,
    "f1": 0.6376811594202898,
    "precision": 0.5617021276595745,
    "recall": 0.7374301675977654,
    "brier": 0.1499244162035656,
    "logloss": 0.4695931196220648,
    "ece": 0.06375746484915701,
    "threshold": 0.2600458860397339,
    "recall_at_p>=0.50": 0.8156424581005587,
    "threshold_at_p>=0.50": 0.19028878016719905
  },
  "thresholds": {
    "t_f1": 0.2600458860397339,
    "t_at_precision": 0.08649124205112457,
    "precision_target": 0.5
  },
  "valid_pr_auc_for_best_params": 0.7773122214356853
}