slice,n,pos,raw.pr_auc,raw.roc_auc,raw.f1,raw.precision,raw.recall,raw.brier,raw.logloss,raw.ece,raw.threshold,raw.recall_at_p>=0.50,raw.threshold_at_p>=0.50
quarter=2023Q4,619,179,0.6840185134862595,0.8173438293550026,0.6381909547738693,0.5799086757990868,0.7094972067039106,0.14903388955486907,0.4924305562728429,0.07152282971675611,0.2872235262014755,0.7988826815642458,0.16981535394829267
