{
  "raw": {
    "pr_auc": 0.6840185134862595,
    "roc_auc": 0.8173438293550026,
    "f1": 0.6381909547738693,
    "precision": 0.5799086757990868,
    "recall": 0.7094972067039106,
    "brier": 0.14903388955486907,
    "logloss": 0.4924305562728429,
    "ece": 0.07152282971675611,
    "threshold": 0.2872235262014755,
    "recall_at_p>=0.50": 0.7988826815642458,
    "threshold_at_p>=0.50": 0.16981535394829267
  },
  "platt": {
    "pr_auc": 0.6840185134862595,
    "roc_auc": 0.8173438293550026,
    "f1": 0.6241457858769932,
    "precision": 0.5269230769230769,
    "recall": 0.7653631284916201,
    "brier": 0.14710981763221478,
    "logloss": 0.4642401122573631,
    "ece": 0.06222666926917651,
    "threshold": 0.2872235262014755,
    "recall_at_p>=0.50": 0.7988826815642458,
    "threshold_at_p>=0.50": 0.2570088816143141
  },
  "thresholds": {
    "t_f1": 0.2872235262014755,
    "t_at_precision": 0.0744642589602899,
    "precision_target": 0.5
  },
  "valid_pr_auc_for_best_params": 0.782126273778939
}