{
  "raw": {
    "pr_auc": 0.6533205624786592,
    "roc_auc": 0.7919502285424074,
    "f1": 0.6129032258064516,
    "precision": 0.5906735751295337,
    "recall": 0.6368715083798883,
    "brier": 0.17171470967867625,
    "logloss": 0.5233009681144201,
    "ece": 0.11860183284858586,
    "threshold": 0.5342951911512731,
    "recall_at_p>=0.50": 0.7486033519553073,
    "threshold_at_p>=0.50": 0.41358377882510783
  },
  "platt": {
    "pr_auc": 0.6533205624786592,
    "roc_auc": 0.7919502285424074,
    "f1": 0.5579937304075235,
    "precision": 0.6357142857142857,
    "recall": 0.4972067039106145,
    "brier": 0.15889565052956603,
    "logloss": 0.48936816468158145,
    "ece": 0.0680578100877595,
    "threshold": 0.5342951911512731,
    "recall_at_p>=0.50": 0.7486033519553073,
    "threshold_at_p>=0.50": 0.34088374040541153
  },
  "thresholds": {
    "t_f1": 0.5342951911512731,
    "t_at_precision": 0.27787068955121136,
    "precision_target": 0.5
  },
  "valid_pr_auc_for_bestC": 0.7405862169708697,
  "chosen_C": 10.0
}