{
  "raw": {
    "pr_auc": 0.701237910965724,
    "roc_auc": 0.8120016658920671,
    "f1": 0.6515513126491647,
    "precision": 0.6148648648648649,
    "recall": 0.6928934010152284,
    "brier": 0.16576298080655197,
    "logloss": 0.5066699759194786,
    "ece": 0.0888915206221217,
    "threshold": 0.4900075454015194,
    "recall_at_p>=0.50": 0.8375634517766497,
    "threshold_at_p>=0.50": 0.3183188585627547
  },
  "platt": {
    "pr_auc": 0.701237910965724,
    "roc_auc": 0.8120016658920671,
    "f1": 0.6107290233837689,
    "precision": 0.6666666666666666,
    "recall": 0.5634517766497462,
    "brier": 0.15633080650458595,
    "logloss": 0.482427083215545,
    "ece": 0.03669670901169753,
    "threshold": 0.4900075454015194,
    "recall_at_p>=0.50": 0.8375634517766497,
    "threshold_at_p>=0.50": 0.2419292320074527
  },
  "thresholds": {
    "t_f1": 0.4900075454015194,
    "t_at_precision": 0.2609176554601379,
    "precision_target": 0.5
  },
  "valid_pr_auc_for_bestC": 0.7616036020828904,
  "chosen_C": 1.0
}