{
  "raw": {
    "pr_auc": 0.6661517216007883,
    "roc_auc": 0.8132808532249872,
    "f1": 0.6370757180156658,
    "precision": 0.5980392156862745,
    "recall": 0.6815642458100558,
    "brier": 0.1475524046616942,
    "logloss": 0.4614883635532378,
    "ece": 0.04458536245743923,
    "threshold": 0.3768640605530952,
    "recall_at_p>=0.50": 0.8268156424581006,
    "threshold_at_p>=0.50": 0.24095099488719904
  },
  "platt": {
    "pr_auc": 0.6661517216007883,
    "roc_auc": 0.8132808532249872,
    "f1": 0.6391752577319587,
    "precision": 0.5933014354066986,
    "recall": 0.6927374301675978,
    "brier": 0.15033685248742737,
    "logloss": 0.4697655548350009,
    "ece": 0.05711572719169455,
    "threshold": 0.3768640605530952,
    "recall_at_p>=0.50": 0.8268156424581006,
    "threshold_at_p>=0.50": 0.21478388776290688
  },
  "thresholds": {
    "t_f1": 0.3768640605530952,
    "t_at_precision": 0.1720838500421626,
    "precision_target": 0.5
  },
  "valid_pr_auc_for_best_params": 0.7584535359672572
}