{
  "raw": {
    "pr_auc": 0.6673685161344695,
    "roc_auc": 0.8153885220924327,
    "f1": 0.6365795724465558,
    "precision": 0.5537190082644629,
    "recall": 0.7486033519553073,
    "brier": 0.15204290610502252,
    "logloss": 0.4703277853012037,
    "ece": 0.053897960960753485,
    "threshold": 0.31213512709362423,
    "recall_at_p>=0.50": 0.8156424581005587,
    "threshold_at_p>=0.50": 0.2392505082549974
  },
  "platt": {
    "pr_auc": 0.6673685161344695,
    "roc_auc": 0.8153885220924327,
    "f1": 0.6378896882494005,
    "precision": 0.5588235294117647,
    "recall": 0.7430167597765364,
    "brier": 0.1552874115703524,
    "logloss": 0.4785595963384701,
    "ece": 0.0634431487880534,
    "threshold": 0.31213512709362423,
    "recall_at_p>=0.50": 0.8156424581005587,
    "threshold_at_p>=0.50": 0.23269974089662232
  },
  "thresholds": {
    "t_f1": 0.31213512709362423,
    "t_at_precision": 0.1522546046835161,
    "precision_target": 0.5
  },
  "valid_pr_auc_for_best_params": 0.7633036446081748
}