{
  "raw": {
    "pr_auc": 0.5777598590431438,
    "roc_auc": 0.8903266453426383,
    "f1": 0.5730337078651685,
    "precision": 0.5,
    "recall": 0.6710526315789473,
    "brier": 0.11391531021786878,
    "logloss": 0.37812405496425316,
    "ece": 0.16609310997670884,
    "threshold": 0.601062978419957,
    "recall_at_p>=0.50": 0.6842105263157895,
    "threshold_at_p>=0.50": 0.5905548343212244
  },
  "platt": {
    "pr_auc": 0.5777598590431438,
    "roc_auc": 0.8903266453426383,
    "f1": 0.4444444444444444,
    "precision": 0.75,
    "recall": 0.3157894736842105,
    "brier": 0.07363255332533909,
    "logloss": 0.25818245645491217,
    "ece": 0.03129798604717058,
    "threshold": 0.601062978419957,
    "recall_at_p>=0.50": 0.6842105263157895,
    "threshold_at_p>=0.50": 0.274807854282834
  },
  "thresholds": {
    "t_f1": 0.601062978419957,
    "t_at_precision": 0.47838966945357864,
    "precision_target": 0.5
  },
  "valid_pr_auc_for_bestC": 0.6511820924680024,
  "chosen_C": 0.1
}