{
  "raw": {
    "pr_auc": 0.5778760298214509,
    "roc_auc": 0.7750952260030473,
    "f1": 0.5902335456475584,
    "precision": 0.476027397260274,
    "recall": 0.776536312849162,
    "brier": 0.17174441737487123,
    "logloss": 0.5263626099707727,
    "ece": 0.05656536742369232,
    "threshold": 0.27568818319555266,
    "recall_at_p>=0.50": 0.7597765363128491,
    "threshold_at_p>=0.50": 0.2979078713138071
  },
  "platt": {
    "pr_auc": 0.5779525753912099,
    "roc_auc": 0.7751015744032504,
    "f1": 0.5838509316770186,
    "precision": 0.46381578947368424,
    "recall": 0.7877094972067039,
    "brier": 0.17014327849372607,
    "logloss": 0.5178855040252994,
    "ece": 0.05832894242359456,
    "threshold": 0.27568818319555266,
    "recall_at_p>=0.50": 0.7597765363128491,
    "threshold_at_p>=0.50": 0.30530189303164
  },
  "thresholds": {
    "t_f1": 0.27568818319555266,
    "t_at_precision": 0.22998379703719218,
    "precision_target": 0.5
  },
  "valid_pr_auc_for_best_params": 0.6890043819588277
}