{
  "raw": {
    "pr_auc": 0.5537979216942749,
    "roc_auc": 0.7684230573895379,
    "f1": 0.5862884160756501,
    "precision": 0.5081967213114754,
    "recall": 0.6927374301675978,
    "brier": 0.17711058983444533,
    "logloss": 0.5415934611461731,
    "ece": 0.06471210700686585,
    "threshold": 0.31648472119949617,
    "recall_at_p>=0.50": 0.7206703910614525,
    "threshold_at_p>=0.50": 0.30867049989705525
  },
  "platt": {
    "pr_auc": 0.5537979216942749,
    "roc_auc": 0.7684230573895379,
    "f1": 0.5876993166287016,
    "precision": 0.49615384615384617,
    "recall": 0.7206703910614525,
    "brier": 0.17504222940323913,
    "logloss": 0.5299607436761943,
    "ece": 0.0662266173515422,
    "threshold": 0.31648472119949617,
    "recall_at_p>=0.50": 0.7206703910614525,
    "threshold_at_p>=0.50": 0.32004239362354564
  },
  "thresholds": {
    "t_f1": 0.31648472119949617,
    "t_at_precision": 0.2181018298208745,
    "precision_target": 0.5
  },
  "valid_pr_auc_for_best_params": 0.6747663157612297
}