slice,n,pos,raw.pr_auc,raw.roc_auc,raw.f1,raw.precision,raw.recall,raw.brier,raw.logloss,raw.ece,raw.threshold,raw.recall_at_p>=0.50,raw.threshold_at_p>=0.50,platt.pr_auc,platt.roc_auc,platt.f1,platt.precision,platt.recall,platt.brier,platt.logloss,platt.ece,platt.threshold,platt.recall_at_p>=0.50,platt.threshold_at_p>=0.50
quarter=2023Q4,619,179,0.5537979216942749,0.7684230573895379,0.5862884160756501,0.5081967213114754,0.6927374301675978,0.17711058983444533,0.5415934611461731,0.06471210700686585,0.31648472119949617,0.7206703910614525,0.30867049989705525,0.5537979216942749,0.7684230573895379,0.5876993166287016,0.49615384615384617,0.7206703910614525,0.17504222940323913,0.5299607436761943,0.0662266173515422,0.31648472119949617,0.7206703910614525,0.32004239362354564
