feature,coefficient,abs_coefficient
num__RetainedEarnings_TotalAssets,-2.138835841707419,2.138835841707419
num__CashFlow_TotalDebt,-0.5731171047745,0.5731171047745
num__WorkingCapital_TotalAssets,-0.20131233698719128,0.20131233698719128
num__CurrentRatio,0.13241100410229553,0.13241100410229553
num__TotalDebt_TotalAssets,0.11134642599089929,0.11134642599089929
