{
  "raw": {
    "pr_auc": 0.6935657380037139,
    "roc_auc": 0.8483113255459623,
    "f1": 0.7016706443914081,
    "precision": 0.6125,
    "recall": 0.8212290502793296,
    "brier": 0.1555943338963191,
    "logloss": 0.541774850313279,
    "ece": 0.13685833579141293,
    "threshold": 0.4662064968252066,
    "recall_at_p>=0.50": 0.8715083798882681,
    "threshold_at_p>=0.50": 0.3214412474353307
  },
  "platt": {
    "pr_auc": 0.6935657380037139,
    "roc_auc": 0.8483113255459623,
    "f1": 0.7043010752688172,
    "precision": 0.6787564766839378,
    "recall": 0.7318435754189944,
    "brier": 0.14157725159735796,
    "logloss": 0.46858755319248396,
    "ece": 0.09225588876807919,
    "threshold": 0.4662064968252066,
    "recall_at_p>=0.50": 0.8715083798882681,
    "threshold_at_p>=0.50": 0.2758238159424209
  },
  "isotonic": {
    "pr_auc": 0.6658274766772162,
    "roc_auc": 0.8450863382427627,
    "f1": 0.6994818652849741,
    "precision": 0.6521739130434783,
    "recall": 0.7541899441340782,
    "brier": 0.14110723115807167,
    "logloss": 0.6068310127439418,
    "ece": 0.07539018255884106,
    "threshold": 0.4662064968252066,
    "recall_at_p>=0.50": 0.8659217877094972,
    "threshold_at_p>=0.50": 0.22677055302721133
  },
  "thresholds": {
    "t_f1": 0.4662064968252066,
    "t_at_precision": 0.1474629579763463,
    "precision_target": 0.5
  },
  "valid_pr_auc_for_bestC": 0.8001583944825089,
  "chosen_C": 10.0
}