{
  "raw": {
    "pr_auc": 0.6541980295998728,
    "roc_auc": 0.8017775520568817,
    "f1": 0.612987012987013,
    "precision": 0.5728155339805825,
    "recall": 0.659217877094972,
    "brier": 0.1698580834585967,
    "logloss": 0.5180628795172059,
    "ece": 0.11210670922494326,
    "threshold": 0.510119453363259,
    "recall_at_p>=0.50": 0.7988826815642458,
    "threshold_at_p>=0.50": 0.3790762127732633
  },
  "platt": {
    "pr_auc": 0.6541980295998728,
    "roc_auc": 0.8017775520568817,
    "f1": 0.5977011494252874,
    "precision": 0.6153846153846154,
    "recall": 0.5810055865921788,
    "brier": 0.15752528001815339,
    "logloss": 0.4830791800463966,
    "ece": 0.06333501006295558,
    "threshold": 0.510119453363259,
    "recall_at_p>=0.50": 0.7988826815642458,
    "threshold_at_p>=0.50": 0.3168995146597073
  },
  "thresholds": {
    "t_f1": 0.510119453363259,
    "t_at_precision": 0.2480450658075803,
    "precision_target": 0.5
  },
  "valid_pr_auc_for_bestC": 0.7484470091199411,
  "chosen_C": 10.0
}